pH,Temperature,Sugar,Protein,Fat,Turbidity,Canxi,Price,,Sum
9.1,55.6,1,3.2,2.4,0.9,265.4,479.4,,0.99975
8.8,60.4,0.9,4.9,3.4,0.2,244,478.5,,0.99976
2.9,59.5,0.1,3.8,3.2,0.3,232.1,447.4,,0.99977
2.1,56.5,0.3,3.7,1.8,0.4,155.2,352.5,,0.99977
1.7,65,0.6,2.9,2.2,0,288.9,524.2,,0
9.1,57.3,0.3,4.5,1.1,0.2,202.9,420.4,,
6.1,64.6,1,3,3.1,0.2,139.1,364.8,,
5.7,57.9,0.3,3.3,1.4,0.7,135.4,337.5,,
6.1,57.3,0.3,3.9,2.1,0.6,258.2,475.5,,
5.7,61.2,0.2,4.7,1.2,0.7,236,461.9,,
4.5,64,0.7,4.8,2.1,0.8,186,412,,
5.1,56.7,0.4,3.9,1,0.4,196.3,402.9,,
6.1,62.1,0.6,4.2,1.1,0.3,258,488.9,,
6.7,59.6,0.6,4.1,3.7,0.7,283.5,512.3,,
8.1,56.7,0.9,3.2,1.4,0,214.5,428.5,,
1.6,62.6,0.8,4.1,3.9,0.8,134.4,347.3,,
4.2,63.7,0.2,5,3.2,0.3,190,418.7,,
6.2,57.1,0.3,3.1,1.4,0.7,249.9,462.2,,
4.4,64.8,0.9,4.2,2.4,0.2,208.3,439.4,,
6.6,58.9,0.2,4.9,3.6,0.7,126.8,338.3,,
9.8,64.2,0.2,3.6,3.5,0.5,157.6,393.6,,
7.4,58.2,0.3,3.6,2.1,0,160.4,372.7,,
8.2,57.7,0.3,4.3,2.7,0.1,269.8,495,,
6.6,60.9,1,4.2,1.2,0.2,132.7,346.9,,
4.2,58,0.6,4.1,3.5,0.4,140.2,344.1,,
9.5,56.4,0.5,3.5,3.2,0.4,100.3,305.6,,
6.8,55.3,0.2,3.1,1.6,1,272.9,484.6,,
2.5,63.5,0.4,3.4,1.8,0.3,230.7,455.9,,
1.5,59.7,0.8,4.7,1.2,0.4,237,449,,
3.9,61.9,0.9,3.3,1.8,0.7,286,513.9,,
3.8,57.8,0.7,4.7,4,0.9,238.5,450.5,,
6.1,61.4,0.3,3.1,2.7,0.5,106.3,319.5,,
3.2,62,0.2,3.5,3.6,0.1,228.1,452.9,,
2.5,58.6,0.4,3.2,1.7,0.8,182.1,385.7,,
9.1,62.5,1,3.6,2.5,0.8,289.6,529.7,,
5.4,59.6,0.3,3.5,2.5,0.4,248,467.9,,
4.8,58.1,0.4,4.4,1.2,0.3,220.9,434.1,,
2.3,56.8,0.3,4.3,2.3,0.5,252.9,461.9,,
9.8,59.9,0.4,4.9,3.4,0.2,173.2,400.7,,
8,58.5,0.1,3.1,4,0.5,142.1,355.6,,
1.8,60.6,1,4.2,3.8,0.5,138,345.6,,
8.4,58.6,0.9,3.9,1.3,0.2,217.5,438.7,,
3.2,62.4,0.9,3.2,3.7,0,163.7,380.6,,
2.6,56.5,0.6,4.8,2.7,0.6,226.4,432.6,,
4.8,64.2,0.1,3.2,3.2,0.3,161.8,388,,
7.8,58.5,0.9,4.4,3.8,0.5,135.1,349.9,,
6.2,59.6,0.7,3.5,1.8,0,274.9,499.6,,
7.2,57.1,0.5,3.8,3.1,0.4,250.7,469.9,,
5.1,57.9,0.5,4.8,2.6,0.3,181.1,393.3,,
8.3,63.3,0.9,3.2,3.5,0.3,118,341.7,,
2.5,61.3,0.7,3.5,3.2,0,172.3,386.9,,
3.8,59.4,0.4,4.6,1.2,0.4,154.5,361.6,,
9,64,0.3,3.8,1.8,0.9,281.2,525,,
3.7,59.6,0.3,3.7,1.2,0.4,183.5,395,,
6.9,61.1,1,3.5,1.5,0.6,209.8,435,,
7.5,60.7,0.3,3.6,1.6,0.1,263.1,493.9,,
6.2,60.1,0.4,4.1,3.5,0.8,263.6,489.7,,
9.4,62.5,0.3,4.2,1.6,0.9,154.3,384.8,,
3.1,64.1,0.4,4.5,3.3,0.8,280.6,516.2,,
5.3,64.9,0.8,4.1,3.1,0.3,269.3,509.6,,
3.2,64.4,0,3.9,1.4,0.3,132.8,351.3,,
6.8,58.6,0.6,4.1,3.2,0.7,162.1,375.5,,
2.5,59.1,0.5,4.3,2.1,0.8,146.3,350.1,,
1.8,61.4,0.2,4.3,1.8,0.5,148.4,360.6,,
6.9,63.6,0.4,4.3,3.8,0.4,181.1,413.5,,
8.1,63.3,0.9,4.1,3.8,0.3,126.3,352.9,,
6,64.7,0,4.3,2.6,0.5,202.4,436.1,,
8.3,60,0.5,3.5,3.8,0.7,299,530.5,,
7.1,60,0.5,4.4,3.8,1,195.1,417.9,,
7.6,58.9,0.3,4,3.7,0.2,127.4,340.8,,
2.6,64.5,0.8,3.5,3.8,0.4,289.7,527,,
3.2,63,0.6,3.3,4,0.5,108.3,322.9,,
6.9,55.9,0.5,3.3,3.2,0.8,260.6,473.4,,
1.4,63.7,0.4,3.8,3.3,0.6,111.1,323.1,,
3.4,58,0.1,4.7,2.1,0.1,262.5,479.2,,
6.2,60.3,0.6,4.2,2.9,0.5,218.7,442.2,,
7.7,59.1,0.6,4.4,1.8,0.4,146.6,361.8,,
3.5,64.4,0.8,2.8,2,1,287.2,520.9,,
7.7,64.7,0.6,4.1,3.4,0.6,240.8,482.6,,
9,57.3,0.8,4.6,3.6,0.3,172.1,387.1,,
3.4,61.5,0.5,4.8,2.1,0.3,235,458.5,,
4.5,64.3,0.9,3,3.2,0.3,118.2,338.7,,
4.5,60,0.8,3.3,2.5,0.8,205.9,419.7,,
1.9,62.1,0,2.8,1.4,0.8,118.6,325.4,,
8.4,63.2,0.3,3.1,1.6,0.9,138.1,362.9,,
8.6,58.5,0.9,4.3,3.2,0.3,237.5,462.8,,
6.9,56.6,0.9,4.4,1.4,0.1,260.3,475.2,,
7.5,60.8,0.3,4.3,3.7,0.7,105.1,321.9,,
5.3,56.6,0.1,4.7,1.1,0.9,269.8,484.7,,
1.4,62.9,0.8,3.7,2.4,1,245.9,469,,
2.5,64.3,0.4,4.9,1.5,0.2,192.3,418.2,,
5.9,59.4,0.1,4.9,3.2,0.3,221.2,442.8,,
3.1,58.4,0.4,3.8,2.6,0.4,111.8,312.9,,
6.4,57.3,0.3,4.8,3,0.7,199.7,409.1,,
4.4,58.6,0.8,3.9,2.6,0.6,103.7,305.2,,
4.8,63.5,0.1,3.7,1,0.9,101.8,316.1,,
3,62.3,0.6,3.1,1.7,0.7,281.5,507.2,,
4.9,57.3,0.4,4,1.2,0.7,217.7,427.7,,
5,61.1,0.5,4.3,2.3,0.5,246.3,471.4,,
1.3,56.2,0.8,3.5,3.1,0,217.6,415.6,,
8.7,63.2,0.9,4,3.5,0.5,294.3,538.5,,
8.9,61.5,0.1,3,3.3,0.9,123.3,343.4,,
2.9,64.3,0.4,4.2,1.2,0.2,107,324.4,,
7.7,61.9,0.7,4.3,1.8,0.5,225.6,455.5,,
1.8,64.9,0.5,3.4,1.7,0.8,152.8,372.6,,
2.6,59.1,0.9,4.8,3.7,0.3,231,446.9,,
7.9,61.5,0.4,2.9,1.6,0.5,119.9,336.5,,
1.1,60.6,0.6,3,1.4,0.7,178.5,385.4,,
2.1,62,0.2,3.2,1.9,0.1,183.8,397.5,,
3.5,64.7,1,4.2,2.9,0.9,142.7,365,,
7.9,56,0.7,4,1.9,0.3,272.5,489.5,,
9.5,58.8,0.5,3.6,3.6,0.3,256.5,484.6,,
2.2,56.6,0.1,3.5,1.2,0.6,172.6,368.9,,
9.4,58.1,0.7,2.8,3.7,0.1,168.4,384.5,,
8.3,55,0.3,4.5,1.7,0.9,175,382,,
5.7,57.2,0.5,4.7,2,0.5,233.2,446.4,,
9.4,57.7,0.7,4.1,4,0.7,133.2,348.3,,
3.4,58.7,0.5,3.8,2.1,0.2,232.6,446.2,,
9.9,61.3,0.1,4,3.5,0.1,296.4,537.6,,
5,63.9,0.8,4.7,1.6,0.5,144.4,369.3,,
5.5,60.5,0.1,4.1,2.6,0.3,103.4,314.5,,
9.5,61.5,0.6,3,3,0.7,203.3,433.2,,
6.1,59.5,0.4,4.5,3.4,0.9,215.2,432.9,,
4,60,0.3,3,1.1,0.1,227,441.3,,
8.3,55.6,0.3,4.2,1.6,1,129.3,331,,
9.4,59.2,0.8,4.5,1.7,0.3,280.1,512.3,,
3.4,61.9,0.9,4,1.6,0,136.9,350.4,,
9.1,64.5,0.5,4.3,1.9,0.9,226,468.7,,
5.6,58.7,1,3.1,1.3,0.6,198.9,411.9,,
3.2,55.9,0.8,3.1,1.1,0.5,134.8,327,,
4.7,63.2,0.8,3.6,1.4,0.1,225,452.9,,
8.3,60.7,0,4.2,3.7,0.7,206.8,435,,
6.3,55.2,0.4,3.6,3.1,0.9,100.9,298.3,,
5,60.9,0.7,3.7,2.6,0.3,135.3,347.7,,
1.7,62.9,0.6,3.3,3.1,0.5,128.4,338.7,,
7,56,0.4,3.2,2.1,0.3,221.5,431.6,,
1.6,59.5,0.1,4.2,3.2,0.7,242.7,458,,
2.4,64.6,0.1,4.6,1.9,0.6,299.3,536.7,,
2.5,59.2,0.2,4.4,2.9,0.1,174.1,381.7,,
3.1,58.1,0.5,4.6,1.5,0.9,117.2,316.1,,
8.4,64.5,0.6,4,1.1,0.2,287.2,533.2,,
2,56,0.3,3.5,3.4,1,217.8,419.3,,
1.1,63,0.4,4.7,2.9,0.1,133.6,348,,
6.2,55.4,0.5,4.8,3.6,0.9,106.3,305.5,,
8.1,55.8,0.5,4.4,1.5,0.6,154.7,361.7,,
9.7,56.9,0.6,4.4,3.8,0.9,197.2,414.9,,
5.7,62.9,0.4,3.9,3.4,0.8,287.9,524.6,,
6.1,60.3,1,3.1,2,0.2,141.2,355.6,,
9.1,60.1,0.2,4.7,4,0.4,164.2,389.5,,
5.2,61.3,0.1,4.7,3.5,0.4,268.4,500.4,,
1.3,63.8,0.4,4.7,2.5,1,228.6,452.4,,
2.3,64.1,0.9,3.6,3.3,0.2,290.7,523.2,,
4.6,63.1,0.2,4.6,2.5,0.6,190,414.4,,
9,62,0.4,4.9,1.7,0.5,262.8,499,,
8.5,62.7,0.5,3.9,2.1,0.4,106.8,329.6,,
5.8,63.9,0.3,4.7,2.7,0.7,211,443.7,,
8.3,57.4,0.4,4.6,1.5,0.7,139.5,349.7,,
7.4,56.5,0.7,3.3,1.2,0.8,113.1,314.6,,
8.9,56.2,0.8,3.6,2.8,0,160.5,369.5,,
9.6,64.8,0.1,4.5,2.1,0.4,219.8,463.1,,
8.4,55.2,0.2,3.5,2,0,176.4,382.8,,
7.4,59.1,0,3.7,2.3,0.6,187.9,406,,
8.8,63.7,0.7,3.4,3.8,0,114.9,341.3,,
3.4,62,0.9,2.8,1.1,1,166.3,378.3,,
3.3,64.6,0.1,3.1,2.7,0.5,243.5,475.7,,
9.6,62.3,0.2,3,2.8,0,275.8,516.3,,
7.5,56.5,0.2,3.1,1.5,0.8,271.1,486.7,,
8,62.6,1,3.5,2,0.1,291,529.4,,
5.8,61.8,0.4,2.9,1.5,0.6,247.2,473.8,,
6.6,59.1,0.8,4.5,3,0.1,126.3,338.3,,
8.7,63.5,0.1,3,2.1,0,282.9,525.6,,
2.2,58.7,0.5,3.6,3.7,0.1,167.2,373.9,,
6.4,62.3,0.3,4,1.8,0.1,200.7,427,,
8.5,59,0.3,4.9,2.2,0.1,274.8,506.7,,
9.9,59.6,1,4.6,1.2,0.4,199.5,422.6,,
9.5,55.1,0.5,4.4,3.4,0.5,153.5,361.4,,
5,62.5,0.6,4.4,2,0.9,135.1,351.3,,
8.2,58.8,0.3,4.5,4,1,158.3,376.2,,
9.3,64.8,0,3.9,2.3,0.7,144.6,378.1,,
8.5,55.9,0.1,3.8,4,0.9,163.1,372.4,,
9.1,61.3,0.1,4.1,2.9,0.3,238.2,472,,
8.9,64.4,0.4,4.1,2.8,0.6,216.3,458.2,,
1.8,63.8,0.6,3.2,2.2,0.5,253.5,477.3,,
6.2,60.7,0.2,4.9,1.9,0.2,249.9,478.2,,
4.1,62.3,0.7,3.1,2.2,0.3,219.6,441.9,,
5.3,64.7,0.3,2.8,1.1,1,285.1,522.4,,
6.9,64,0.7,4.4,2.7,0.3,181.1,411,,
4.7,58.3,0.5,2.8,3,0.6,143.7,347.9,,
5.1,60,0.9,3.1,1.7,0.4,204.2,419.4,,
4.9,63.1,0.5,3.1,3.1,0,205.5,432.2,,
7.4,56.4,0.3,2.9,3.4,0.4,199.9,409.5,,
8.2,63.7,0.4,3.2,2.6,0.4,182.6,415,,
7.2,56.8,0.6,3.2,2.1,0.8,179.5,388,,
8.9,62.1,0.7,3.1,2.6,0.3,263,499.5,,
4,58.2,0.5,4.5,2.5,0.5,162.7,369.5,,
6.7,64.8,0.8,4.9,1.6,0.8,174.2,405.2,,
6.9,57.9,0.8,4.4,3.4,1,115.2,320.3,,
7.5,63.5,0.5,3.1,2.8,0.8,152.7,376.7,,
9.8,59.9,0.4,4.2,2.4,0.7,274.2,507.8,,
2.2,64.1,0.5,3.4,1,0,173.1,392.4,,
5.2,56.9,0.9,4.8,4,0,147.1,351.5,,
3.8,58.7,0.1,4.6,3.2,0.8,210.8,424.2,,
5.7,55.2,0.7,4.1,2.6,0.2,191.4,396.9,,
5.9,61.8,0.5,4.2,3.3,0.7,246.7,474.8,,
5.7,60.7,0.6,3.3,1.1,0.3,296.3,524.3,,
7.2,64.2,0.1,4.4,1.9,0.7,207,441.8,,
2.2,56.3,0.8,4.5,1.2,0.2,188.1,387.5,,
5.4,58.8,0.1,4,1.8,0.4,107.7,311.8,,
4.4,57.3,0,3.4,1.4,0.3,194.7,401.5,,
1.9,62.8,1,3.2,3.4,0.9,164.5,379.2,,
9.8,57.7,0.4,3.1,3,0.4,288.9,515.7,,
9.4,58.9,1,4.6,3.8,0.6,158,375.8,,
2.9,58.5,0.3,3.4,1.7,0.7,148.8,349.5,,
9.6,56.9,0.3,3.2,3.3,0.5,225.2,445.4,,
2.1,58.4,0.4,3.6,3.7,0.9,137.7,338,,
1.7,60.9,0.9,3.4,2.3,0.6,124.9,329.6,,
8.6,56.5,0.1,3.2,1.4,0.8,139.6,345.3,,
7.6,55.7,0.2,3.5,2.8,0.2,297.5,517.7,,
2.7,64,0.3,3.4,1.2,1,189.5,409.7,,
9.2,64.8,0.9,4.7,3.2,0.7,187.6,427.9,,
4.6,56.9,0.7,3.7,2.3,0.1,195.4,401,,
3.7,63.1,0.5,3.4,2.2,0.7,272.1,501.7,,
6.3,60.9,0.2,4.1,1.7,0.5,245.3,472.1,,
6.8,61.8,0.6,3.5,2.2,0.3,256.3,485.8,,
7.8,57.5,0.9,4.7,2.9,0.8,203.4,419.6,,
1.4,61.8,0,4.3,2,0.9,131,340.8,,
8.1,63.1,0.4,2.9,1.5,0.7,108.4,330.3,,
2.9,63.1,0.9,3.8,3.1,0.1,107.2,321.6,,
8.2,61.9,0.9,3.6,2.7,0.1,157,381.5,,
9.3,58,0.4,4.1,2.1,0.7,123.4,336.9,,
8,58.9,0.6,3,2.3,0.6,193.8,413.7,,
5.5,64.2,0.3,4.3,2.4,0.9,238.2,473.5,,
3.5,56.1,0.5,4.1,1.3,0.1,151.5,347.5,,
3.3,55.8,0,4.5,1.8,0.4,150.6,347.9,,
10,57.7,0.7,4.5,2.8,0.6,170.8,389,,
5.8,57.6,0.1,2.9,3.2,0.5,149.1,355.2,,
6.8,56.9,0.5,3.2,1.7,0.4,152,355.8,,
7.5,64.8,0.2,3.4,1.4,0.3,185.5,421.1,,
7.1,57.8,0.1,4.2,1.7,0.2,148.2,359,,
5.8,63.6,0.7,4.7,3.8,0,156.5,385.2,,
2.5,55.1,0.7,3.5,4,0,290.2,496.5,,
6.2,59.5,0.8,4.5,1,0.7,126,336.6,,
5.6,62.5,0.3,4.2,1.3,0.1,128.6,347.5,,
3.1,64.2,0,4.9,3.3,0.2,256.7,491.5,,
3.4,58.3,0.5,4.5,3.3,0.5,269.1,485.9,,
7.9,64.1,1,3.9,3,0.7,251.4,490.8,,
4.4,58.8,0,3.5,2.5,0.8,141.5,346.1,,
9.2,60.3,0.5,2.9,3.9,0.6,272.7,505.5,,
5.8,63.3,0.8,3.2,1.8,1,221.9,449.1,,
9.9,62.6,0.3,3.8,3.2,0.9,180.7,413.4,,
1.9,56.7,0,2.9,1.3,0.2,217.2,418.5,,
9.7,57.2,0.8,4.1,1.9,0.7,259.7,481.8,,
9.6,55.7,0.3,3.1,1.7,0.4,158.1,367.1,,
1.4,61.6,0.4,4.6,2.4,0.6,173.6,386.6,,
4.8,55.2,0.1,4,3.6,0.1,213.4,419.9,,
5.3,60.8,0.8,4.3,4,0.5,192.3,412.5,,
6.8,63,0.2,3.3,3.8,0.1,109.5,330.6,,
6,57.8,0.4,4.9,3.3,0.5,121,327.7,,
1.2,63.8,0.1,3.8,2,0.6,225.8,448.9,,
7.7,63.6,0.7,3.1,3.4,0.4,153.6,382,,
5.7,59.2,0.4,4.4,1.4,0.1,250.6,471.1,,
4.4,60.5,0.5,2.8,1.6,0.4,183.2,397.3,,
6.2,64.3,0.4,3.8,3.9,0.8,128,353.7,,
5,56.2,0.5,4.6,2,0.9,154.1,355.6,,
9.9,64.3,0.4,3.4,2.4,0.2,266.2,512.7,,
9.1,57.6,0.6,4.5,2.3,0.1,170.4,388.7,,
6.4,57.7,0.4,4.5,2.9,0.2,128.7,336.5,,
8.8,57.5,0.2,3.7,2.9,0.5,135.4,346.4,,
8.8,63.5,0.9,3.6,3.2,1,244.3,482.8,,
3.5,57.9,0.8,3.8,2.3,1,245,457.8,,
9.8,58.8,0.6,4.2,3.1,0.6,124.7,342.1,,
6.2,58.6,0.8,3.5,2.7,0.7,227.4,442.1,,
2.2,62.9,0.6,3,1.9,0.5,254.1,476,,
6.8,64.2,0,3.1,3.2,1,196,428.3,,
2.9,62.4,0.2,3.9,2.3,0.7,244,469,,
7.3,59.9,0.4,4.5,1.2,0.3,299.4,529.7,,
2.8,58.6,0.1,4.3,1.5,0.1,289.9,507.1,,
7.6,63.2,0.3,3.2,2.3,0.4,160.4,386.7,,
9.2,61.7,0.6,4.3,1.8,0.1,225,459.9,,
3.8,59.8,0.4,4.4,3.4,0.9,236.1,454.8,,
4.6,57.2,0.3,4.9,1.8,0.5,276.8,492.6,,
3.1,57.2,0.9,3.3,3.5,0.4,293.9,507.4,,
10,57.7,0.9,3.2,2.6,0.4,286.7,514.5,,
3.2,64.4,0,4.7,2.1,0.8,163.6,388.6,,
2.8,57.2,0.8,4.4,1.3,0.5,288.8,501.2,,
4.3,57.1,0.3,3.1,2.4,0.7,132.8,331.7,,
8,57.5,0.4,4.6,1.4,0.6,242.8,462.3,,
2.2,57.4,0.5,3.2,1.3,0.5,227.4,432.7,,
9.9,62.2,0.3,3.6,3.2,0.3,197.4,431.8,,
3.6,62.4,0.1,2.8,3.2,0.7,164.4,381.4,,
6.8,60.8,0.2,3.7,3.9,0.3,139.4,357,,
3.2,62.9,0.3,4.4,3.6,0.2,278.8,508.6,,
5,57.6,0.8,4.9,2.3,0.9,257,472,,
8.7,55.6,1,4.5,3.2,0.7,244.9,463.7,,
1.4,64.4,0.9,4.3,1.7,0.5,261.5,489.3,,
1.6,55.9,0.1,5,3.8,0.2,196.9,399.7,,
3.8,62.6,0.4,3,3.4,0.8,214.4,435.9,,
1.9,60.2,0.2,2.8,1.4,0.5,195.3,405.5,,
8.1,55.9,0.3,4.6,3.8,0.4,289.6,511.5,,
9.2,64.3,0.5,2.9,3.2,0.8,273.8,516.3,,
4,58,0.5,4.3,3.3,0.2,130.5,336.5,,
8.7,60.2,0.1,4.5,1.9,0.3,251,480.1,,
6.5,56.2,0.4,3.8,1.5,0.2,162.5,366.4,,
5.8,59.2,0.6,3.8,2.8,0.9,110.1,316.9,,
1.5,58.5,0.6,3.5,3.1,0.7,124.5,321.7,,
3.8,61.6,0.8,3.6,2.9,1,258.1,482.6,,
5.6,60.7,0.2,4.5,3.6,0.6,153.3,371.4,,
4.6,60.8,0.8,4.6,1.2,0.5,164.8,378.5,,
2.5,57.9,0.7,4.8,1.7,0.3,147.6,349.8,,
8,62.1,0,3.2,3.1,0.3,185.6,413.4,,
9.8,64.3,0.1,2.9,3.5,0.9,135.1,367.1,,
3,58.1,0.6,3.2,1.8,0.7,166.5,368.9,,
6,62.2,0.3,4.7,2,0.4,291.3,527.4,,
8.3,62.9,0.6,4.4,2.3,1,267.8,505.8,,
6.6,62.2,0.4,3.2,1.5,0.6,165.7,386,,
7.6,55.7,0,4.6,1.9,0.4,210.5,420.6,,
7.5,59.6,0.6,4,3.3,0,272.3,500.5,,
5.7,55.5,0.9,3.1,2.5,0.1,200.7,404.5,,
7.1,60.2,0.6,3.8,4,0.4,167.9,388.4,,
10,62.2,0.8,4.8,1.4,1,155.1,384.5,,
8.8,63.7,0.6,5,3.9,1,155.3,387.8,,
1.1,61.6,0.5,2.9,3.6,0.4,242.3,460,,
3,64.8,0.1,3.8,3.2,0.3,179.9,405,,
2.4,59.9,0.8,3.4,1.7,0.8,246.5,459.6,,
8.5,61.7,0.7,4.9,3.6,0.7,263.7,502.1,,
7.8,64.4,0.3,3.6,1.4,0.7,258.1,497.3,,
4.7,55.8,0.1,4.5,2.5,0.3,236.7,444.5,,
3.7,59.8,0.8,3.3,3.9,0.9,113.1,317.5,,
2.9,58.6,0.6,3.6,1.9,0.7,270.1,486.6,,
2,65,0.5,4.2,1.4,0.6,235.1,464.4,,
8.3,64.4,0,4.2,1.2,1,194.9,429.3,,
3.1,60.1,0.3,3.2,1.6,0.3,158,366.4,,
6.9,57.3,0.9,3.3,2.9,0.4,179.2,388.4,,
10,55.8,0.1,3.5,4,0.6,146.5,355.4,,
8.7,59.1,0.5,2.8,1.5,0.6,256.1,482.4,,
9.2,62.7,0.2,4.1,1.6,0.9,157.3,385.7,,
4,58,0.2,3.4,3.3,0.5,147.1,349.3,,
8,63.7,1,3.7,2.4,0.7,168.3,397.6,,
9.6,58.6,0.8,3.5,3.5,0.1,211.3,433.6,,
6.5,58.9,0,4.4,2.1,1,105.4,312.7,,
4.7,56,0.6,3.8,3.1,0.1,224.4,432.6,,
3.4,55.6,0,3.5,3.9,0.1,257.3,465.2,,
4.4,59.6,0.1,4.3,1.2,0.2,134.9,343.8,,
8.8,56.2,0.8,3.3,3.9,0.2,244.3,461.7,,
1.8,64,0.1,4.5,3.5,0.2,206.5,432,,
4.2,63.8,0.5,3.2,1.7,0,186.1,411.8,,
3.9,59.9,0.9,4.1,1.1,0.2,282.3,502.8,,
9.4,61.5,0.5,4.2,1.1,0.4,201.7,431.5,,
7.1,64.8,0.5,3.9,2.7,0.2,195.2,432.7,,
7.9,58.7,1,3.8,1.8,0.4,250.7,474,,
6.7,61.5,0.3,3.5,1.1,0.1,236.2,464.4,,
1.6,62.5,0.6,3.1,3.9,0.1,259.2,482.9,,
3.4,55.5,0.9,4.6,2.2,0.1,243.4,447.7,,
5.4,64.1,0.8,4.2,3.3,0.1,298,538.8,,
6.6,64.8,0.1,3.4,3.3,0.7,287.4,530.6,,
7.9,60,0.6,4.5,2.2,0,142.5,362.7,,
1.3,60.1,0.5,5,1.1,0.1,129.7,331.6,,
8.8,55.8,0.6,3.8,2.3,0.1,138.7,345.7,,
4.4,64.1,0.8,4.1,3.6,0.4,102.6,321.9,,
6.9,64,0.6,3.9,2,0.6,162.9,391.6,,
7.5,56.6,1,3.4,2,0.7,166.7,375.1,,
2.4,64.4,0.1,4.9,1.9,0.5,155.1,378,,
7.7,63.8,0.8,3.8,2,0.7,160,387.6,,
5.9,55.8,0.3,2.8,3.9,0.1,184.7,390,,
2.7,56.5,0.1,3.8,2.9,0.9,229.7,433.1,,
9.2,64.7,0.8,2.9,2.3,0.2,238.5,477.6,,
3.7,55.8,0.1,4.3,2.1,0.6,197.9,399.8,,
4.7,64.4,0.3,3.9,1.2,0.1,244.4,478.8,,
6.2,55.9,0.3,4.6,3.9,0.4,155.4,360.9,,
1.1,56.6,0.1,4,2.8,0.4,123.7,315.6,,
1.6,55.1,0.3,3.7,1.5,0.7,186.6,379.1,,
7.6,56.2,0.5,4.5,3.8,0.4,153.2,361.7,,
3,63,0.6,3.4,1.3,0.3,204.5,425.2,,
2.7,56.4,0.3,3.5,1.1,1,213.5,413.3,,
3.6,62,0.6,4.5,3.3,0.4,251.9,479.2,,
7.8,63.6,0.2,4.5,1.5,1,159.3,389.4,,
2.8,55.6,0.4,4.6,2.4,0.6,201.5,402.4,,
1.6,59.5,0.1,3,1.5,0.1,201.8,411.8,,
7.7,57.1,0.4,4.6,2,1,171.6,381.1,,
4.9,55.8,0.3,4.6,2.1,0.5,288.1,501,,
6.8,61.5,0.5,4.9,1.9,0.3,170.7,394.2,,
7.3,56.5,0.1,4.5,3,0.6,210.5,424.5,,
8.1,61.5,0.4,3.1,4,0.5,158.9,382.2,,
7.6,55.9,0.7,5,1.9,0.5,204.9,415.2,,
1.5,64.9,0.5,4.2,3.2,0.3,174.7,397.8,,
2.3,58.8,0.2,4.5,3.8,0.3,111.9,313.9,,
1.1,64,0.2,4.7,3.3,0.6,209.4,432.8,,
4.2,64.9,0,3.2,2.5,0.8,257.5,491.3,,
8.8,59.4,0,3.5,1.8,0.2,209.5,432.9,,
7,62.1,0.1,3.3,3.4,1,161.2,385,,
5.8,63.4,0.8,3.3,1.2,0.8,286.7,522.4,,
9.9,60.9,0.3,4.1,2,0.4,113,334.1,,
4.4,61.7,0.7,4.1,2.3,0.4,268.9,497.5,,
5.2,61.6,0.6,2.8,1.7,0.5,173.1,391.3,,
5.2,58.5,0,5,1.2,0.9,101.7,306.9,,
8.6,57.1,0.9,4.9,1.8,0.7,248.7,469.9,,
3.2,55.9,0.6,3.8,3.5,0.5,211.9,414.8,,
4.7,65,0.1,2.8,3.2,0.7,152.8,377.9,,
1.5,63.1,0.5,3.7,2.9,0.5,136.7,350.4,,
9.2,61.6,0.4,3.2,2.6,0.1,150.5,376.3,,
5.2,59.2,0.3,4.2,2,0.4,121.8,330.1,,
3.5,59.2,0.6,3.1,3.3,0.2,282.8,502.7,,
3.6,63.5,0,5,2.2,0.9,192.2,416.4,,
5.9,59.6,0.4,4.2,3.9,0.9,274.2,500.5,,
2.8,64.9,0.2,3.9,1.7,0.2,148.5,370.4,,
6.6,61.6,0.1,3.5,2.9,0.8,179.1,402,,
2,59.1,0.8,3,2.7,0.2,209.3,417.5,,
7.8,56.9,0.1,3.5,1.6,0.2,152,360.3,,
1.9,64.5,0.2,5,2.9,0.4,258.8,491.7,,
3,63.7,0.7,4.5,2.1,0.8,150.7,369.3,,
4,57.2,0.6,4.7,2,0.7,201,408.3,,
8.7,60.8,0.3,3.3,1.8,0.6,246.1,476.4,,
1.2,61.8,0.5,2.9,1.5,0.5,105.7,308.4,,
1.1,63.8,0.8,3.5,2.8,0.1,175.9,393.5,,
6,57.5,0.5,5,2.7,0.8,174.6,385.1,,
9.4,59.9,0.5,3,2.4,0.6,174.2,393.7,,
3.7,62.3,0.6,3.6,3,0.3,275.3,505.2,,
6.9,63.4,0.7,4.4,3,0.3,253.6,491.8,,
1.8,62.6,0.8,4.3,1.1,0.4,235.4,455.5,,
3,63.5,0.2,3.6,2.1,1,285.6,515.8,,
7.8,57.5,0.6,3.7,2.3,1,146.5,354.8,,
2.6,59.5,0.8,2.9,2.5,0.9,289.2,506.1,,
4.9,58.6,0.4,4.1,3.1,0.3,255.5,476.1,,
8.7,59.1,0.8,3,2,0.4,164.3,380.8,,
7.7,61.5,0,4.1,4,0.7,140.2,363.2,,
8.5,60.2,0.6,3.8,3.7,0.1,216.5,444,,
7.7,59.7,1,3.2,1.8,0.4,186.7,404.3,,
4.3,62,0.8,2.9,2.9,0.4,227.2,448.8,,
7.3,55.2,0.6,3.2,3.5,0.5,162.5,364.3,,
9.3,58.1,0.6,4.6,3.2,0.3,154.1,371.9,,
4.6,61,0.8,4.6,3.5,0.2,149.9,365.4,,
3.4,61.8,0.4,4.1,2,0.2,221.2,442.6,,
6.3,63.7,0.6,4.1,1.5,0.9,206.3,434.5,,
5.8,61.1,0.8,3.2,1.2,0.5,290.6,520,,
6.5,58.1,0.7,3.8,3.6,0.8,284.2,508.2,,
6.8,59.9,0.5,3.6,3.6,0.8,251.5,478,,
7.4,64,0.1,3.3,3.7,0.6,169.9,400.7,,
5.2,55.1,0.3,3.9,3.6,0.6,137.1,333.7,,
4.1,60,0.1,2.8,3.8,0.3,242.4,461.8,,
8.4,58.1,0.5,4.4,1.3,0.8,103.4,312,,
2,64.2,0.9,3.4,1.5,0.4,167.9,385.6,,
2.9,62.8,0.8,4.4,3.6,0.6,229.9,454.5,,
3.2,57.8,0.6,4.4,1.3,0.4,216.6,425.3,,
1.1,56.6,0.1,4.7,1.9,0.4,222.8,424.8,,
7.3,60.9,0.1,3.4,2.4,0,162.7,383.6,,
9,58.6,1,4.9,1.8,0.2,153.5,371.2,,
1.7,64.3,0.2,4,1.5,0.5,266,496.8,,
1.9,58.5,0.8,3.2,3.9,0.8,219.4,427.5,,
1.3,60.5,0.5,4.6,3.9,0.1,159,368.7,,
1.1,55.6,0.3,3.1,1.4,0,202.4,396.2,,
4.6,56.5,0.5,3.5,3.9,0.5,103.1,299.7,,
2.2,60.9,1,3.9,3.4,0.1,111.3,317.5,,
3.4,63.5,0.3,3.9,1.1,0.3,100.5,313.4,,
7.7,59.3,0.6,4.2,1.5,0.8,161.2,377,,
1,60,0.7,2.8,3,0.3,179.7,384,,
9.7,63.8,0.4,3.8,3.4,0.1,293.1,541.5,,
2.3,56.7,0.4,4.7,2.9,1,285.6,497.4,,
6,63.6,0.8,3.6,1.8,0.8,165.7,390.2,,
1.5,63.8,0.1,3.5,2.8,0.7,102.4,312.5,,
10,57.8,0.1,3.7,1.2,0.1,270.1,495.8,,
5.5,61.1,0.1,2.9,2.3,0.1,101.3,312.8,,
1.8,61.1,0.7,3.7,3.8,0.2,211.1,428.1,,
1.9,61,0.4,3.1,2.6,0.4,280.1,499.8,,
8.5,55.4,0.5,3.2,2.6,1,147.6,350.5,,
2,62.6,0.8,4.4,1.9,1,212.2,431.8,,
6.2,56.8,0.8,3.4,2.3,0.3,280.6,498.5,,
9.7,57.1,0.8,4.8,1.9,1,175.7,391.2,,
8.1,59.4,1,3.5,4,0.3,169.1,387.1,,
6.5,56.2,0.4,4.1,2.7,0.4,162.9,368.3,,
8.4,60.8,0.9,3.6,1.1,0.3,124.2,341.8,,
4.7,61.8,1,3.3,2.1,0.8,296.7,525.6,,
6.8,58.9,0.1,4.3,1.6,0.3,185.4,402.1,,
2.6,63.1,0.7,3.7,3.8,0,158.5,378,,
2.1,63.4,0.6,4.3,3.4,0.6,266,494.6,,
9.2,55.8,0,3.4,3.7,0.9,245.3,461.9,,
3.2,60.9,0.2,3.5,3.7,0.4,146.8,358.2,,
4.5,59.7,0.2,4.2,1.4,0.3,105.5,311,,
5.5,57.2,0.7,4.5,1.1,0.6,131.6,333.7,,
4.2,57,0.5,4,3.1,0.5,210.6,416.1,,
6.6,59.1,1,4.7,2.7,0.3,259.4,485.1,,
3.6,59.4,0.9,4.1,2.4,0.6,284.1,505.3,,
7.2,58.8,0.9,3.7,3,0.8,141.6,353.9,,
2.5,63.6,1,3.1,2.1,0.9,240,465.8,,
3.8,62.6,0.4,3.2,3,1,119.2,333.2,,
9.6,61.2,0.7,5,1.7,0.9,108.4,329.9,,
9.4,57.9,0,3.7,3.7,0.8,195.9,414.4,,
7.3,61.9,0.4,2.9,2.5,0.8,278.3,512.2,,
4.4,60.8,0.5,3.1,3.5,0.9,269.3,493.4,,
3,57.8,1,3,3.8,0.7,185.8,392.3,,
2.8,58.6,0.9,4.9,2.8,0.3,147.7,352.5,,
5.2,58.4,0.9,4.4,3.1,0.2,235.7,454,,
8.8,60.5,0.7,3.2,1.6,0.4,190.3,413.7,,
7.7,60.7,0,3.5,3.5,0.7,154.4,373.7,,
8.2,55.1,0,3.6,4,0.6,151.9,356.5,,
2.3,64.3,0.4,4.3,1.4,0.2,140.9,358.9,,
3.7,60.4,1,4.3,2.8,0.8,190.2,405.3,,
3.8,62,0.2,3.9,1.2,0.1,125.6,339.1,,
5.6,57.1,0.5,3.9,2.8,0.9,100.3,299.6,,
7.6,55.7,0.8,3.3,2.1,0.8,158.9,362.3,,
5.2,59.1,0.9,3.8,1.9,0.2,148.7,357.5,,
6.2,59,0.5,4.2,2.5,0.3,191.8,406.4,,
3,58.1,1,3.8,3.9,1,138.8,339.3,,
1.5,55.2,0.6,5,1.8,0.2,282,484.8,,
4.4,56.4,0.7,3.3,1.9,0.7,120.8,315.4,,
7.8,61.4,0,4.6,3.9,0.1,122.6,345.9,,
5.3,64.2,0.6,4.4,3.3,0.1,286.8,525.9,,
6.4,56.8,0.9,3,1.7,0.4,223.9,436.2,,
9.6,64.4,0.6,4.1,1.9,0.3,185.3,423.9,,
7.1,64.9,0.9,4.5,2.4,1,106.4,332.9,,
2.1,63.1,0.1,4,1.8,0.6,277.2,505.9,,
8.2,63.6,0.5,4,1.8,0.9,261.5,501,,
5,61.7,0.2,4,1.5,0,212.1,437.4,,
7,60.8,0.6,4.1,2.9,0.1,279.3,512.4,,
9.4,55.5,1,3,2.9,0.4,245.3,461.8,,
8.1,56.3,0,4.7,3.4,0.4,282,504.8,,
8.7,62.3,0.1,3.1,3.6,0.2,197.8,429.5,,
8.1,59.7,0.6,3.5,1.5,0.8,252.6,477.1,,
7.8,58.1,0.6,4.5,3.3,0.2,167.2,381.6,,
1.9,60,0.8,3.4,1.5,0.2,140.6,344.3,,
7.9,63.5,0.8,2.9,3.6,0.5,296.2,538,,
6.1,60.8,0.5,3.9,1.2,0.7,224.4,447.5,,
1.8,64.7,0.3,3.6,2.9,0.7,122.1,338.5,,
1.3,55.9,0.7,4.8,2.4,0.5,175.5,370.8,,
5,57.3,0.5,3.8,2.4,0.8,249.5,461.8,,
4.6,56.2,0.4,3.6,1.8,0.7,224.3,430.8,,
6.7,60.5,0.7,3.4,3.6,0.8,225.8,449.9,,
1.7,55.1,0.2,3,2.8,0.8,224.3,422.4,,
9.7,56.7,0.5,4.1,1.4,0.9,173.8,387.1,,
6.7,57.8,0.5,3.8,3.4,1,196,407.9,,
9.2,57.2,0.9,4.7,2.5,0.6,127,337.6,,
3.9,60.2,0.5,3.3,1.3,0.6,230.3,445.9,,
5.1,62.4,0.2,3.9,2.3,0.7,239.7,468.1,,
8.5,55.6,0.1,3.2,2.1,0.5,274.7,491.1,,
1.6,63.3,0.5,4.7,2.1,0.7,229.6,453.2,,
1.7,60.7,0.2,2.8,2.3,0,243.2,459.8,,
3.3,55.4,0.7,3.3,3.6,0.6,140.1,334.9,,
3.1,56.9,0.6,4.7,3.7,0.1,274.4,489.3,,
8.8,60.2,0.8,3.8,3.4,0,292.7,529.3,,
4.5,55.2,0.9,3.7,1.7,0.9,161.4,356.9,,
3.8,63.5,0.8,3.8,3.4,1,172.3,393.1,,
3.7,60,0.4,3.9,1.5,0.8,229.6,446.1,,
8.2,63.7,0.4,3.2,2.2,0.7,169.3,399.5,,
1.7,64.1,0.2,2.8,1.3,0.7,244.8,470.1,,
4.1,56.5,0.1,5,2.9,0.5,183.5,389,,
3.5,56.5,0.6,3.8,3.5,0.8,229,436.4,,
4.1,62.1,0.8,4,3.4,0.2,299.3,530.8,,
6.3,61.1,0.5,4.4,2.8,0.9,228.9,454.9,,
5.7,64,0.2,3.1,3.3,0.6,148.7,374.1,,
2.8,57.5,0.2,3.1,3,0.4,131.7,329.2,,
1.1,57.8,0.8,3.7,2.3,0.2,223.3,428,,
3.4,55.4,0.7,3.5,3.9,0.5,283.7,492.8,,
8.2,61.1,0.4,3.1,1.4,0.8,177.8,400.5,,
7.3,61.2,0.4,3.1,3.3,0.2,179.7,400.9,,
7.8,61,0.2,4.6,1.7,0.6,289.7,525.6,,
4.7,55.9,0.1,4.2,3.9,0.3,156.1,359.3,,
8.3,62.2,0.3,4.5,3.6,0.3,286.9,527.3,,
7,64.2,0.6,3.1,3,0.3,267.8,507.9,,
1.1,61.6,0.5,4.6,2.2,0.2,114.6,320.3,,
4.3,64.8,0.1,3.6,2.6,0.7,142.3,365.3,,
2.5,57.8,0,2.9,2.7,0.4,192.5,397,,
4.8,59,1,3.4,1.4,0.4,266.4,484.2,,
8,59.4,0.4,3.2,1.3,0.1,174.2,390.9,,
9.6,61.6,0.6,3.2,1.1,0.5,128.2,349.7,,
2.6,59.6,0.8,4.4,1.9,0.9,192.9,403.7,,
1.4,60.2,0.8,3.7,1.5,0.7,291.6,510.5,,
1.1,63.4,0.5,3.3,3.8,0.9,169.6,387.1,,
3.1,56.6,0.8,4.6,3.6,0.8,178.1,380.3,,
3.6,59,0.2,3.3,1.3,0.1,207.8,417.2,,
6.4,64,0.2,4.2,2.6,0.6,176.1,407,,
4.9,64.1,0.7,4,1.4,0.6,162.5,387.5,,
6.1,59,1,3.3,1.2,0.3,285.8,507.3,,
8.4,63.9,0.2,3.4,3,0.9,231.5,470.3,,
7.8,60.1,0.1,3.3,1.2,0.4,183.6,403.2,,
5.7,59.7,0.6,4,3,1,133.6,343.6,,
4.2,56,0.6,4.5,3.4,0.8,240.2,450.8,,
1.3,58.3,0.6,3.9,3.2,0.4,129.2,328.7,,
5.1,62.7,0.4,4.8,2.7,0.6,110.6,329.2,,
6.6,57.6,0.4,4.9,2.4,0.3,112.2,318.3,,
2.2,55.3,0,3.4,1.3,0.8,213.2,408,,
7.5,57.7,0.8,2.9,1.7,0.7,145.5,353.8,,
3.9,57.8,0.7,4.6,2.3,0.7,228.1,438.1,,
2.7,60.5,0.6,4.1,3.4,0,176.3,389,,
3.6,59.7,0.2,3.4,3,0.1,122.6,329.1,,
3.3,58.8,0.5,3.4,3.5,0.3,262.4,479.1,,
4.4,60.7,0.6,3.2,2.5,0.1,196.3,413.7,,
9.9,59.4,0.4,3.5,1.4,0.3,204,428.7,,
1.5,61.4,0.3,3.9,3.6,0.9,249.3,470.7,,
4.5,58.6,0.9,3.2,3.3,0.9,104,305.8,,
4.2,64.1,0.8,4,3,0.5,163.3,388.3,,
7.2,60.3,0.3,4.6,1.7,0.8,125.4,339.7,,
6.4,55.9,0.9,4,2.4,0.1,254.8,468.8,,
5.1,62.5,0.1,3.7,2.6,0.4,243.5,472.7,,
4.1,61.1,0,3.2,1.5,1,161.9,375.6,,
2,63,0.7,3.7,1.5,0.6,274.7,499.3,,
2.3,58.9,0.9,4,3.4,0.4,128.1,329.1,,
1.9,61.9,0.9,3.6,3.3,0.8,280.4,505.3,,
8.4,63.5,0.4,4,1.3,0.1,281,523.9,,
8.3,63.9,0.8,3.9,2.7,0.5,286.8,530.3,,
1.2,60.8,0.6,3.4,3.7,0,257.7,475,,
1.6,61,1,3.2,2.3,0.2,135.9,341.8,,
1.3,61.8,0.2,4.5,1.5,0.2,108.5,313.5,,
5.7,64.6,0.8,4.6,3.1,0.9,241.9,479.2,,
9.3,58.7,0,4.8,1.6,0.3,276.7,507.4,,
9.1,57.2,0.2,3.8,2.1,0.3,100.9,307.5,,
8.6,58,0.8,3.1,1.7,0.5,141.4,351.7,,
8.2,63.5,0.5,3.5,2,0.8,105,330.1,,
4.9,62.9,0.4,4.3,2.8,0.1,247.1,479.5,,
8.5,59.1,0.2,3.5,2.9,0.3,122.5,337.8,,
5.4,62.5,0.3,4.8,1.4,0.6,151.1,370.1,,
8.6,63.8,0.4,3.2,2.1,0.4,173.5,403.8,,
6,56.3,0.7,3.7,1.1,0.9,298.3,513.4,,
9.2,62.8,0.3,3.7,3.7,0.1,150.1,379.1,,
3.3,64.7,0.8,4.7,1.9,0.2,195,423.3,,
4.6,59.9,0.4,4.3,2.8,0.7,273.9,497.6,,
6.6,55.2,0.7,4.9,1.7,0,139,340.4,,
1.4,64.3,1,3.3,2.1,0.8,186.7,406.9,,
3.1,64.1,0.7,2.9,3.6,0,247.4,478.6,,
3.3,64.5,0.3,4.5,3.2,0.5,229.5,461.1,,
8.5,60.5,0.5,4.1,1.2,0.5,151.3,371,,
7.9,61.4,0.8,2.8,3.4,0.3,134.5,354.6,,
2,56.3,0.5,3.8,2.3,0.3,126.7,320.3,,
1.2,63,0.9,2.9,3.7,0.6,271,495,,
9.4,61.7,0.3,3.6,3.4,0.5,280.3,519.9,,
2.1,57.5,0.2,4.8,1.4,0.9,296.2,510.2,,
1.6,56.5,0.6,4.9,3.7,0.8,207.8,410.4,,
5.8,64.8,0.9,3,1.6,0.5,277.6,517.2,,
1.5,63.1,0.2,3,3.5,0.3,160.4,376.4,,
4.9,57.8,0.2,4.8,2.4,0.8,296.3,518.4,,
8.3,57.4,1,2.9,2.6,0.3,238.5,457.3,,
2.1,57.4,0.9,3.3,2,0.2,146,341.8,,
5.9,57.7,0.3,3.8,3.2,0.9,269.1,490.1,,
7.6,60,0.3,4.8,2.3,1,101.4,315.1,,
2.6,60.6,0.7,3.7,3.8,0.2,245.4,465.7,,
3.1,55.7,0.4,3.8,2.9,0.4,198.8,398.1,,
4.8,58.6,0.1,3.6,4,0.1,268.5,488.1,,
2.6,62.6,0,4.9,1.8,0.8,251.1,475.3,,
3.2,56.1,0.8,3.4,2.7,0.9,142.2,336.4,,
8.6,56.8,0.1,4,3.3,0.6,208.7,424.4,,
4.7,59.5,0.4,4,1.7,0.3,203.3,418.6,,
5.1,61.1,0.3,4.6,2.2,0,279.7,511.6,,
6.1,55.8,0.3,5,3.9,0,139.6,345.9,,
6.8,60.1,0.2,4,3.9,0.2,288.8,519.6,,
8.6,63.5,0.7,4.2,2.5,0.4,142.3,373.1,,
1.7,59.8,0.3,3.3,3.1,0.6,240.2,453.8,,
3.3,57.2,0.6,4.6,1.9,0.6,197.4,402.7,,
6.3,64.8,0.6,2.9,1.7,0.3,127.9,354.9,,
3.7,56.3,0.2,4.6,3.6,0.9,148.9,348.5,,
7.8,61.9,0.1,3.6,2.3,0.5,190.1,416.2,,
4.2,59.6,0.3,4.7,1.7,0.8,225.9,442.1,,
3.9,61.7,0.7,4.1,2.2,0.2,153.9,367.1,,
2.7,63.7,0.4,4.9,2.6,0.8,279.8,512.4,,
2.9,59.8,0.4,4.7,1.3,0.6,250.9,469.2,,
9,64.8,0.8,3.9,1.4,0.7,217.1,457.4,,
8.3,62.6,0.1,2.9,2.7,0.5,246.7,482.7,,
4.4,55.7,0.6,2.9,2.4,0.2,109.2,302.9,,
8.1,55.1,0.1,4.6,1.5,0.1,242.2,454.7,,
1.2,57.1,0.2,3.8,2.1,0.7,270.4,476.9,,
7.7,61,1,4.9,3.3,0.5,162,386.7,,
5.9,56.2,0,3.6,2.5,0.7,278.2,493.7,,
8.8,59,0.7,4.4,3.6,0.9,117.3,330.8,,
6.9,55.9,0.8,4.7,1.9,0.3,118.8,319.7,,
8.9,56.2,0.1,3.8,3.5,0,104.6,310,,
9.4,55.6,0.5,4.6,2.3,0.3,294.5,518.4,,
2.7,61.9,0.1,4.6,1.4,0.1,294.6,521.2,,
1.8,55.6,0.2,3.2,1.1,1,167.6,361.1,,
9.7,57.1,0.3,2.9,1.6,0.3,286.5,511.4,,
7.1,63.3,0.5,4.1,1.3,0.5,181,410,,
6.1,58.6,0.8,4.1,1.5,0.2,164.6,377,,
7.7,64.1,0.9,4.1,3.2,0.7,195.3,429.5,,
3,59.2,0.8,3.5,3.6,0.6,298.8,517.8,,
4.5,64.7,0.6,4.5,3.9,0.7,192.1,423.6,,
2.1,63.4,0.3,3.9,1.6,0,163.5,379.8,,
3.5,56.6,0.9,2.8,1.7,0.7,128.7,321.9,,
1.7,58,0.6,4.6,2,0.8,192.5,397,,
6.6,60.7,0.7,2.9,3.3,0.4,156.5,373.3,,
2,64.8,0.3,3.5,4,0.6,106.8,322.4,,
1.6,56.1,0.4,4.8,2.6,0.9,229.5,432.8,,
6.3,64.3,0.8,4.4,2.4,0.5,244.9,481.2,,
4.8,55.6,0.9,4.4,1.5,0.4,177.6,378.5,,
4.8,63.5,1,3.7,1,0.9,220.6,448.6,,
4.8,63.2,1,2.8,3.9,0.3,153,373.5,,
7.2,64.7,0.9,3.6,2,0.9,159.3,389.8,,
7.3,55.7,0.6,4.4,1.4,0.4,269.4,484.5,,
6.4,63.6,0.1,2.9,2.8,0.9,176.6,404.4,,
5.3,57.5,0.7,5,1.2,0.7,126.2,330.2,,
6.4,56,0.8,3.7,3.9,0.2,168.4,374,,
8.4,64.3,0.4,3.1,3.1,0.8,237,477.5,,
6.1,64.8,0.3,4.1,1.3,0.6,286.7,528.7,,
9.3,56.9,0.7,4.1,3.1,0.2,204.4,419.8,,
1.2,56.7,0,5,2.4,0.4,211.3,414.7,,
5.3,56.5,0.7,3.2,2.6,0.8,192.9,399,,
8.9,63.1,0.2,3.8,1.6,0.4,259.4,497.6,,
3.7,58.7,0.8,4.1,3.6,0.6,231.1,444.4,,
4.9,59.1,0.9,3,3.2,0.1,273.8,496,,
3.7,62,0.1,2.9,2.2,0.8,265,489.8,,
6.4,62.9,0.3,3.9,2.3,0.7,255,488.5,,
6.6,64,0.5,4,3.2,0.4,194.2,425.6,,
1.4,63.9,0.1,3.1,1.8,0.1,296.3,524.7,,
5,60.3,0.6,4.1,2.2,0.8,149.5,360.8,,
1.5,57.7,0.2,3.3,3,0.5,221.3,425,,
2.3,60.6,0.6,3.3,3.1,0.3,250.2,466.2,,
9.8,56.6,0.9,4.4,1.6,0.6,291.8,516.5,,
7.1,61.6,0.7,2.9,4,0.2,252.6,483.8,,
8.7,60.4,0.5,4.4,3.7,0.2,126.4,346,,
1.1,60.3,0.7,4.1,2.3,0.8,288.4,507.5,,
5.5,61.2,0.5,3.3,2.3,0.1,269.4,497,,
3.1,55.2,0.3,4.7,2.4,1,180.2,376.9,,
6.9,62.3,0.4,3.6,1.6,0.7,295,529,,
4.1,59.3,0.1,3.6,3.2,0.7,227.1,444.6,,
1.4,57.7,0.3,3.9,1.6,0.8,131.5,325.4,,
2.4,58.3,0.4,3.8,1.4,0.8,173.8,377.8,,
1.2,59.3,0.3,3.2,2.6,0.9,205.9,411.9,,
4.9,57.6,0.8,4.8,1.5,0.6,278.3,496.8,,
7.7,56.8,0.7,4.8,3.4,0.9,167.9,379.2,,
3.2,55.4,0.2,3.1,2,0.6,151.7,346.7,,
7.4,61.2,0.1,4,1.8,0.6,282.8,517.5,,
1.7,57.1,0.6,4.5,2.4,0.1,222.6,427.6,,
4.2,56.1,0.3,4.2,2.8,0.1,142.1,342.6,,
6.8,60.6,0.1,3.2,2.4,0.3,232.1,456.7,,
2.9,55,0.3,3.1,1.9,0,266.5,469.5,,
10,60.6,0.6,4.6,2.3,0,238,470.8,,
8.9,57.2,0,2.8,1.4,0.3,121.9,328.8,,
9.5,64.6,0.6,3.9,1.7,0.8,173,409.3,,
1.1,60.2,0.6,3.6,2.1,0.6,205.2,414.6,,
5.7,55.2,0.6,3.8,1.2,0.9,263.2,471.8,,
5.7,62.8,0.6,3.3,3,0.9,108.1,322.6,,
9.1,56.4,0.8,4.7,4,0.6,294.3,520.2,,
1.3,57.4,0.1,3.5,1.6,0.2,120.2,314.2,,
1.6,55.1,0.7,3.2,3.8,0,106.8,292.6,,
4.9,57.2,0.5,4.5,1.9,0.8,159.9,364.9,,
9.1,57.9,0.5,3.8,3.2,1,166.5,379.9,,
4.3,60.1,0.9,3.4,3.4,1,210.9,426.1,,
2.4,62,0.2,3.5,2.3,0.3,134.1,345.5,,
2.3,58.2,0.3,3.8,3.4,0.3,236.2,446.7,,
5.8,56.7,0.7,3,1.6,0.9,285.8,500.4,,
6.3,62.8,0.2,3.5,3.8,1,280.8,517,,
4.6,61.6,0.4,3.4,2.7,0.1,211.9,434.7,,
8.9,57.5,0.9,3.3,1.9,0.5,196.7,413.2,,
4.1,59.2,0.4,4.9,2.8,1,183.3,394.7,,
5.3,59.1,0,3.2,3.2,0.1,218.8,436.2,,
9.3,60.9,0.2,3,3.5,0.4,173.2,398.7,,
4.1,60.7,0,3.7,3.2,1,138.7,349.3,,
8,60.1,0.8,4.8,2.3,0.7,280.3,513.1,,
6.9,58.9,0.9,4.6,1.5,0.2,276.4,502,,
5.3,55.1,0.8,3.4,2.3,0.6,141.2,337,,
2,62.3,0.7,4.8,2.7,0.5,197.9,418.1,,
7,58.7,0.8,5,3,0,213.4,435.2,,
4,63.7,0.9,3.3,1.1,0,134.6,351.8,,
8.7,58.9,0.1,5,2.6,0.7,182.2,405.1,,
1.5,55.4,0.4,4.4,3.5,0.4,270.3,475.7,,
5.8,64.7,0.7,4.7,2.7,0.1,114.2,338.6,,
6.1,62.1,0.2,2.9,1.6,0.2,220.9,447.4,,
4.2,58.5,0.7,4.6,3.3,0.6,169.9,378.2,,
1.1,61.4,0.2,4,3.2,0.1,237.2,455.2,,
3.9,55,1,5,2.8,0.8,202.6,402.9,,
4.6,60,0.9,3.2,1.5,0.6,176.3,389.4,,
2.5,55.5,0.1,3.9,1.6,0.2,299.5,507.9,,
4.9,56.3,0.2,3.2,3.7,0.5,169,371.4,,
8.3,58.7,0.8,4.2,3.8,0.2,216,438.3,,
5.8,55.3,0.4,3,1.7,0.5,143,340.1,,
6,57.1,0.8,4,1.1,0.4,296,513.3,,
9.6,59.8,0.2,4.5,1.5,0.9,273.8,506.2,,
9.9,57.1,0.9,3.3,1.2,0.5,281,503.1,,
3.6,62,1,4.5,2.2,0.3,107.7,321.1,,
8.4,61.1,0.2,3.7,2.7,0.8,230.1,459.5,,
3.7,61.9,0,4.3,3.3,0.6,225.6,449,,
8,59.4,0.7,3.2,3.2,0.4,145.8,362,,
3.4,60.2,0.2,3.7,1.5,0,197.8,411.5,,
9.6,62,0.2,3.9,2.5,0.9,191.4,422.7,,
9.9,61.8,0.9,3.5,1.7,0.9,221.1,452,,
2.3,61.9,0.9,4.1,1.3,0.5,143.3,352.8,,
1.9,61.2,0.8,4.5,1.3,0.1,118.2,324.9,,
6.2,59.1,0,4,3.5,0.9,279.2,504,,
6.8,64.7,0.2,3.4,3.6,1,252.2,492.1,,
4.4,64.8,0.1,3.4,2.1,0,146.2,369.4,,
2.3,63.1,0.5,3.3,3.8,0.5,228.4,452.3,,
1.8,59.8,0.7,3.5,3,0.5,119.3,322.1,,
4.5,64.2,0.9,4.4,3.5,0.2,287.9,526.3,,
3.5,55.5,0.5,4.2,2.8,0.4,268.2,475.6,,
4.8,62.8,0.4,3.8,1.4,0,178.4,402.1,,
5.8,65,0.9,3.5,1.4,0.4,268.4,506,,
7.4,58.5,0.8,3.8,3.6,0,133,345.8,,
4.1,55.3,0.8,3.8,2.9,0,107.3,300.2,,
7.2,64.4,0.7,3.7,1.2,0.1,168.6,398,,
2.5,62.5,0.1,4.9,1.7,0.7,142.4,356.2,,
1.3,62.5,0.1,4.9,3.6,0.3,148.6,363.3,,
7.2,61.5,1,4.2,2,0.8,270.7,503.5,,
4.7,63.9,0.7,3.4,2.2,0.3,137.6,359.1,,
3.5,64.5,0.2,4,2.8,0.9,226.5,457.4,,
2.1,58.1,0.7,3.9,3,0,133,331.5,,
6,63.7,0.6,4.8,2.2,0.7,213.3,444.7,,
6.4,63,0.2,4.7,3,0.2,224.8,456.6,,
2,55.3,0.4,3,1.4,0.3,169.6,362.3,,
2.6,62.4,0.1,3.9,1.1,0.5,119,331.2,,
5.4,58.4,0.5,3.7,1.4,0.4,277.8,497.2,,
3.1,58.2,0.6,4.3,2.9,0.5,293.1,511.8,,
2.1,60.1,0.2,4.4,1.2,1,232.5,445.5,,
2.3,61.5,0.2,3.9,3.7,0.6,185.6,401.7,,
2,57.3,0.8,4.2,1.2,0.5,122.2,316.4,,
5.3,62.6,0.7,4.2,3.9,0.3,134.4,353.9,,
8.8,55.8,0.3,4.1,1.4,0,282.2,501.4,,
2.2,59.8,0.5,3.8,2.1,0.1,155.6,361.4,,
2.5,58.1,0.2,3.5,3.1,1,271.1,484.1,,
5.8,58,0.9,3.4,2.4,0.3,205.4,420.1,,
3.7,58.3,0.5,3.1,1.1,0.2,177.1,384.5,,
9.2,55.7,0.2,4.7,2.7,0.8,106.8,309.3,,
4,59.5,0.4,5,3.9,0.7,126.5,333.4,,
10,58.6,0.3,2.9,2.5,0.4,298.2,529,,
9.1,63.3,0.3,3.2,1.6,0.3,275.2,517.4,,
1.5,59.4,0.7,3,1.6,0.3,293.5,509.4,,
8.6,63,0.6,3.5,1.2,0.9,225,457.7,,
2.4,58.3,0.6,3.8,3.8,0.4,184.6,390.3,,
8.2,55.3,0.7,3.9,1.9,0.2,249.6,462,,
7,57.7,0.4,3.2,1.5,0.1,262.4,482.7,,
3.6,55.8,0.2,4.8,2.1,0.1,146.2,343.3,,
9.3,56.7,0.9,4.2,3.2,1,265.5,488.3,,
4.1,61.9,0.3,3.6,3.1,0.2,250.4,478,,
6.8,55.6,0.5,3.5,3.6,0.1,117.8,315.9,,
4.9,61.8,0.1,3.4,1.4,0.3,288.8,520.7,,
1.3,60.2,0.6,4.5,1.1,0.3,110.1,310.7,,
7.2,62.1,0.5,4.8,2,0.5,260.4,496.7,,
9.6,60.8,0.3,4.4,2.5,0.6,292.3,531.5,,
8.8,62.5,0.4,4.5,2.5,0.5,158.7,388.2,,
6.8,55.9,0.9,2.8,2.1,0.8,157.4,357.3,,
3.8,60,0.4,4.9,1.8,0.1,138.2,348.9,,
6.1,56.5,0,4.8,3.7,0.6,239,454.6,,
5.9,60.1,0.3,4.2,3.9,0.3,204.2,424.6,,
8.7,58.8,0,3.5,2.3,0.7,174.8,393.2,,
9,60.3,0.4,4.7,2.1,0.7,228,456.5,,
4.2,64,0.3,3.1,1.6,1,272.1,503.8,,
4.9,55,0.9,3.9,3.8,1,105.8,300.6,,
7.3,62.7,1,3.6,2,1,293,529.8,,
5,62.1,0.5,3,1.6,0.5,138,353.7,,
2.5,59,0.4,3,2.2,0.6,195.5,402.5,,
8.2,57.7,0.9,3.9,2.5,0.3,152.6,364,,
4.2,56.1,0.3,3.1,3.8,0,185.2,389.4,,
7.2,62.5,0.1,3.4,2.1,0.3,180.1,408.2,,
4.5,55.9,0.1,3.9,2.9,0.2,184.6,387.2,,
3.7,59.9,0.8,3.7,1.2,0.6,127.4,332.5,,
3.3,63.8,0.5,3.5,2.6,0.5,256.8,486.3,,
9.5,64.2,0.3,3.6,2.1,0.2,133.2,363.3,,
9.3,61.2,0.6,4.5,3.4,0.6,202.8,432.9,,
9.4,59,0.3,4.2,2.4,0.6,251.5,480.9,,
2.7,63.6,0.8,3,1.2,0.6,267.6,496.1,,
1.1,60.3,0.3,5,3.7,0.8,126.6,331.7,,
3.9,63.2,0.1,3.6,2.8,0,291.7,527.1,,
3,64.7,0.3,3.5,3.2,0.4,168.9,392.2,,
9.2,58.7,1,4.7,1.1,0.9,265.9,492.9,,
5,56.3,0.9,3.3,3.3,0.9,173.3,375.2,,
9.3,60,0.2,4.5,4,0.9,242.8,473.9,,
6.4,60,0.9,4.9,3.6,0.4,184.2,405.5,,
1.1,62.7,0.9,3.5,2.6,0.6,155.8,367.2,,
4.1,55.5,0.5,4.9,3.9,0.7,130.6,327.1,,
8.5,58.7,0.6,2.9,1.8,0,245.9,468,,
8.6,58.7,0.3,4.4,3.9,0.7,105.1,317.3,,
6.4,60.4,0.6,3.7,3.8,0.8,283.9,511.2,,
4.6,63.6,0.6,4.1,1.9,0.7,247.8,480.9,,
7.7,58.9,0.8,4.2,1.1,0.5,251.6,475.1,,
2.9,63.5,0.5,3.1,2.8,0.3,109.1,320.9,,
3.5,58.6,0.4,4.7,2.1,0.1,276.2,495.8,,
8.2,63.1,0.4,4.7,1.2,0.7,186,417,,
2.5,56.1,0.4,4.8,2.2,0.9,255.3,462.8,,
4.8,62.9,0.6,3.7,4,0.7,289.6,523.6,,
1.8,57,0.4,4.8,2.8,0.1,252.4,459.8,,
2.3,55.4,0.4,4.5,2.8,0.5,225.8,427.4,,
9.6,62.6,0.5,4.6,2.4,0.9,276.6,519,,
2.5,55.4,0.4,3.2,1.9,1,111.9,299,,
8.2,56.7,0.2,3.2,2.3,0.7,105.2,307.4,,
2.1,57.3,0.2,3.2,2,0.2,190,391.1,,
6.5,62,0.7,3.8,2.3,0.5,205.4,432.1,,
5.8,63.4,0.4,3.4,2.7,0.3,207.8,439,,
5.2,61.7,1,5,1.6,0,209,433.3,,
1.1,59.7,0.3,3.6,3.5,0,272.8,488.2,,
3.3,59.3,0.6,3.2,3.7,0.1,296.2,517.6,,
8.8,64.8,0.9,5,2.8,0.6,113.1,345.6,,
8.6,58.6,0.2,3.4,1.4,0.1,217.6,440,,
5,62,0.6,3.9,2.3,0.4,164.2,383.1,,
3.1,62.9,0.1,4.1,3.3,0.5,171,391.3,,
7,62,1,4,3.6,0.8,177.1,404.4,,
1.4,63.4,0.6,5,2.2,0.6,190.4,409,,
5.5,55.6,0.2,4.5,2.6,0.9,122.5,320.4,,
1.4,56.8,0.3,3.7,1.4,0.5,294.3,502.7,,
6.3,62.5,0.6,4.8,3.9,0.3,181.7,410.3,,
4.9,63.8,0.2,4,1.7,0.2,268,503.5,,
8.8,62.1,0.5,3.4,3.6,1,278.5,517.2,,
8.6,57.4,0.6,4.7,3.5,0.7,172.6,388.2,,
3.8,57.7,0.6,3.3,1.7,0.7,110.5,307.7,,
9.4,62.1,0.7,3.6,2,0.3,152.7,380.1,,
1.5,60.8,0.1,3,3.6,0.2,132,336.9,,
3.4,57.6,0.2,4.4,3.6,0.6,123.5,323.5,,
2.5,55.1,0.1,4.9,3.1,0.8,132.1,324.1,,
5.7,57.3,0.5,3.4,1.2,1,261.7,474.6,,
1.1,58.3,0.1,4.7,3.4,0.7,246,455,,
7.2,59.4,0.7,4.2,2.9,0.7,224.8,445.9,,
7.6,59.5,0.7,4.9,3.6,0.8,187.2,407.6,,
9.5,62.8,0.9,3.1,1.1,0.2,136.8,361.6,,
5.3,62.6,0.8,3.7,3.4,0.8,183.7,406.7,,
8.8,55.6,0,4.9,1.9,0.2,283,504.9,,
3.3,62.2,1,2.8,2.3,0.9,270.6,494.7,,
5.9,58.7,0.1,4.5,2.6,0.9,151.7,362.6,,
5.7,58.6,0.2,4.4,2.3,0.6,146.7,356.8,,
1.1,58.2,0.7,4.9,2.7,0.3,281.4,495,,
7.8,64.2,0.1,3.2,1.8,0.4,294.3,537.6,,
9.3,55.4,0.5,3.1,3.4,0.1,186.5,398.4,,
8.4,64,0.6,3.3,2,0,136.9,365.1,,
1.3,64.2,0.9,3.7,3.7,0.9,257,484.6,,
4.1,62.5,0.8,5,3.6,0.7,188.7,412.4,,
8.5,63.9,0.3,3.6,2.7,1,189.6,423.6,,
8.6,55.1,0.4,3.6,1.5,0.3,267.4,482.5,,
4.7,60.8,0.2,4,3.3,0.3,286,515.3,,
6.9,56.8,0.2,3.8,3.8,1,128.1,331.4,,
2.4,56.7,0.3,2.9,1.1,0.5,127.1,320.1,,
2.9,59.6,0.4,4.1,1.7,0.7,197,407.4,,
4.4,56.6,0.6,4.1,3,0.9,139.7,340.7,,
3.6,56.7,0.1,4.5,2.9,0.5,165,368.2,,
2.2,62.2,1,4.8,1,0.4,106.3,314,,
7,56,0.9,3.3,3.9,0.9,226.6,437.9,,
7,63.4,0,4.8,3.1,0.2,269.8,510.1,,
7,63.1,0.1,2.8,2.9,0.4,183.1,411.2,,
1.1,61.6,0.7,4.8,1.7,0.7,211.7,426.5,,
5.2,60.9,0.5,3.1,2.6,0.5,298.3,527.3,,
6.8,55.5,0.7,4.4,3.3,0.3,264.4,480.9,,
7.3,62.3,0.2,3.1,1.8,0.9,205.2,431.2,,
5.2,58.6,0.4,3.4,1,0.1,157,365.1,,
8.7,57.3,0.5,3,2.5,0.8,187.7,400.4,,
6,64.7,0.9,3,1.5,0.9,289.1,527,,
4,56.9,0.2,2.9,1.4,0.7,290.5,504.7,,
7.4,58.2,0.3,3.7,2.2,0.1,249.3,472.6,,
2.9,58.8,0.4,4.4,1.5,0.5,251.2,465.1,,
6.5,63,0,4,3.7,1,278.2,517.5,,
9.7,61,0.9,3.5,1.2,0.2,289.9,527,,
2,62,0.9,4.4,2,0.4,272.5,497.3,,
9.4,63.8,0.5,3.2,3.4,0.5,172.1,405.8,,
7.7,56.1,0.6,3.2,3.8,0.2,241.3,456.4,,
1.5,55.3,0.6,4.8,2.9,0.7,165.8,359.3,,
7.1,59.4,0.7,4.4,1.6,0.7,119.9,331.1,,
3.7,56.6,0.3,3.4,1.2,0.8,107.3,300.2,,
6.1,62.3,0.5,2.8,3.9,0.8,110.7,328.2,,
2.1,63.8,0.6,2.8,3.6,0.6,233.9,460.3,,
10,57.9,0.4,4.7,3,0.1,205.1,428.4,,
2.8,58.1,0.5,4.1,1.4,0.8,211.2,416.3,,
2,55.1,0.7,4.5,2.6,0.4,121.6,311.6,,
2.2,56.4,0.2,4.7,1.9,0.1,133.9,328.6,,
9.5,56.7,1,4.2,4,0.4,252.5,475.7,,
9.3,60,0.5,3.4,1.4,0.4,139.4,358.4,,
1.2,57.4,0.4,3.4,2.4,0.9,278.4,487.7,,
9.2,63.8,0.4,3.5,3.9,0.9,115.3,345.8,,
2,63.4,0.8,4.7,1.9,0.5,263.4,491.4,,
6.3,63.1,0.7,3.3,1.5,0.2,142.8,364,,
6.5,63.6,0.9,4.7,1.9,0.1,264.1,501.9,,
5.2,63.8,1,4.3,3.8,0.6,102.9,322.4,,
9,56.7,0.9,4.1,1.7,0.1,124.3,331.2,,
3,58.1,0.9,3.7,2.4,0.5,155.2,358.3,,
7.6,57.4,0.7,3.9,3.6,0.8,252.4,472.9,,
6.5,60.4,0.9,4.3,1.9,0.7,114.5,327.5,,
7.7,63.3,0.4,4.9,1,0.6,150,378.4,,
2.7,63.1,0.8,4.8,2.2,0.9,119.6,334.6,,
5.9,59.5,0.8,2.9,3.4,0.1,135.2,346.4,,
7.8,63.8,0.8,4.1,3.5,0.8,140.7,369.9,,
9.2,60.8,0.7,3.4,2,1,259.2,491.9,,
3.7,61.5,0,3.8,3.2,0.6,145.2,359.9,,
7.4,60.6,0.3,4.7,3.9,0.6,259.6,491.8,,
6.1,60.9,0.5,3.5,1.8,0.9,167.6,384.8,,
1.3,59.1,0.7,4.7,1.5,0.3,113.5,313,,
8.8,61.7,0.7,3.8,2.1,0.1,243.8,477.9,,
5.1,57.6,0,3.1,3.6,0.3,197.3,406.5,,
6,55.2,0.6,2.8,1.2,0.7,208.9,410.5,,
4,56.8,0.5,3.8,3,0.4,265.5,477.7,,
7.2,55.2,0.8,3.4,3.1,0.5,110.9,307.8,,
4.9,62.2,0.6,4.6,3.2,0.6,245.9,473.8,,
5.4,56.6,1,4.9,2.2,0.1,181.3,387.5,,
2.3,61.7,0.5,4.9,3.3,0.1,110.7,322.4,,
1.6,58.1,0.8,3.9,3.4,0.9,134.9,333.3,,
4.5,62.5,0.4,4.1,1.2,0.3,108.5,322.2,,
4.4,61.9,0.8,3.3,3.3,0.7,135.1,349.3,,
8.7,56.3,0.9,4.8,2,0.1,199.8,414.2,,
7.9,64.7,0.5,3,2.6,0,292.5,537.4,,
2.8,55.1,1,4.8,3.1,1,207.3,407.3,,
5.9,56.2,0.8,4.2,3.8,0.4,280.2,498.1,,
6.9,58,0.4,3.3,3.6,0.3,226.4,444.1,,
3.6,59.6,0,4.3,3.2,1,227.3,444.9,,
8.1,57.6,0.2,4.4,3.4,0.7,168.4,380.7,,
4.6,58.3,0.9,4.4,2.1,0.9,219.2,432.9,,
1.9,64.8,0.2,4.6,3.6,1,202.1,428.9,,
5.8,60.4,0.1,2.9,3.3,0.2,186.9,405.2,,
8.9,56,0.8,3.3,1.6,0.3,132.3,337.4,,
6.3,56,0.8,4.2,3.8,0.1,277.7,494.8,,
3.2,55.3,0.5,4.8,3.2,0.7,190.3,390.4,,
4.5,61.1,0.4,4.5,1.2,0.5,295.7,524.5,,
5,57,1,3.9,3.4,1,163.9,366.2,,
3.2,58.1,0,3,3.7,0.4,207.2,416.3,,
1.1,57.3,0.9,4.9,1.1,0.5,119,312,,
1.9,60.1,0.4,4.4,1.1,0.2,187.4,397.1,,
9.5,60.1,0.2,3.8,2.7,1,167.5,388.3,,
9.3,61.9,0.9,3.7,2.5,0.3,261.8,498.8,,
2.1,59.8,0.5,4.9,1.9,0.4,277,495.9,,
3.1,62.3,0.6,4.3,1.5,0.9,220.2,440.4,,
3.5,55.1,0.8,4.8,1.3,0.9,252,456,,
1.8,62.7,0.8,3.4,3.1,0.6,112.9,321.3,,
1.6,55.4,0.7,4.5,2.1,0.3,125,314.5,,
